0,1,2,3,4,5,6,7,8,9,10,11,12,13,14,15,16
17,18,19,20,21,22,23,24,8,9,10,25,15,26
27,28,29,30,31,32,8,9,10,33,34,35,36,37,38,14,15,39
40,41,42,43,44,8,9,10,45,46,47,48,49,50,51,52
53,54,55,56,57,58,59,7,60,61,62,63
64,65,8,9,10,33,66,67,68,69,70,71,72,73,25,15,74
75,76,77,7,78,79,80,25,15,81,82,83
84,85,34,35,86,87,88,89,4,90,7,91,92,14,15,93
94,75,79,95,77,7,96,14,15,97,98
99,100,101,7,102,8,9,10,103,104,105,106,107,61,108,109,14,15,110
32,111,50,112,113,114,7,115,116,117,118,119,14,15,120
0,1,2,3,4,5,6,7,8,9,10,11,12,13,14,15,16
53,54,55,56,57,58,59,7,60,61,62,63
75,76,77,7,78,79,80,25,15,81,82,83
84,85,34,35,86,87,88,89,4,90,7,91,92,14,15,93
94,75,79,95,77,7,96,14,15,97,98
121,75,122,123,124,7,125,126,127,25,15,128,129,14,130
123,131,126,75,95,77,7,132,14,15,133
134,135,136,137,138,139,140,141,142,143,144,145,14,15,146,147
148,149,150,151,143,7,32,102,152,153,154,155,156,157,68,25,15,158
